n_pairs,cel_cum_ret,ncel_cum_ret,cel_alpha_ann,ncel_alpha_ann,ret_diff
23,2.180093602822583,0.9910096416229952,0.09055038064324633,-0.014598282838777525,1.1890839611995876
